title,rating,year,runtime,genres,image
The Shawshank Redemption,9.3,1994,8520,Drama,https://m.media-amazon.com/images/M/MV5BMDAyY2FhYjctNDc5OS00MDNlLThiMGUtY2UxYWVkNGY2ZjljXkEyXkFqcGc@._V1_.jpg
The Godfather,9.2,1972,10500,"Crime, Drama",https://m.media-amazon.com/images/M/MV5BNGEwYjgwOGQtYjg5ZS00Njc1LTk2ZGEtM2QwZWQ2NjdhZTE5XkEyXkFqcGc@._V1_.jpg
The Dark Knight,9.1,2008,9120,"Action, Crime, Drama, Thriller",https://m.media-amazon.com/images/M/MV5BMTMxNTMwODM0NF5BMl5BanBnXkFtZTcwODAyMTk2Mw@@._V1_.jpg
The Godfather Part II,9.0,1974,12120,"Crime, Drama",https://m.media-amazon.com/images/M/MV5BMDIxMzBlZDktZjMxNy00ZGI4LTgxNDEtYWRlNzRjMjJmOGQ1XkEyXkFqcGc@._V1_.jpg
12 Angry Men,9.0,1957,5760,"Crime, Drama",https://m.media-amazon.com/images/M/MV5BYjE4NzdmOTYtYjc5Yi00YzBiLWEzNDEtNTgxZGQ2MWVkN2NiXkEyXkFqcGc@._V1_.jpg
The Lord of the Rings: The Return of the King,9.0,2003,12060,"Adventure, Drama, Fantasy",https://m.media-amazon.com/images/M/MV5BMTZkMjBjNWMtZGI5OC00MGU0LTk4ZTItODg2NWM3NTVmNWQ4XkEyXkFqcGc@._V1_.jpg
Schindler's List,9.0,1993,11700,"Biography, Drama, History",https://m.media-amazon.com/images/M/MV5BNjM1ZDQxYWUtMzQyZS00MTE1LWJmZGYtNGUyNTdlYjM3ZmVmXkEyXkFqcGc@._V1_.jpg
The Lord of the Rings: The Fellowship of the Ring,8.9,2001,10680,"Adventure, Drama, Fantasy",https://m.media-amazon.com/images/M/MV5BNzIxMDQ2YTctNDY4MC00ZTRhLTk4ODQtMTVlOWY4NTdiYmMwXkEyXkFqcGc@._V1_.jpg
Pulp Fiction,8.8,1994,9240,"Crime, Drama",https://m.media-amazon.com/images/M/MV5BYTViYTE3ZGQtNDBlMC00ZTAyLTkyODMtZGRiZDg0MjA2YThkXkEyXkFqcGc@._V1_.jpg
"The Good, the Bad and the Ugly",8.8,1966,10680,"Adventure, Drama, Western",https://m.media-amazon.com/images/M/MV5BMWM5ZjQxM2YtNDlmYi00ZDNhLWI4MWUtN2VkYjBlMTY1ZTkwXkEyXkFqcGc@._V1_.jpg
The Lord of the Rings: The Two Towers,8.8,2002,10740,"Adventure, Drama, Fantasy",https://m.media-amazon.com/images/M/MV5BMGQxMDdiOWUtYjc1Ni00YzM1LWE2NjMtZTg3Y2JkMjEzMTJjXkEyXkFqcGc@._V1_.jpg
Forrest Gump,8.8,1994,8520,"Drama, Romance",https://m.media-amazon.com/images/M/MV5BNDYwNzVjMTItZmU5YS00YjQ5LTljYjgtMjY2NDVmYWMyNWFmXkEyXkFqcGc@._V1_.jpg
Fight Club,8.8,1999,8340,"Crime, Drama, Thriller",https://m.media-amazon.com/images/M/MV5BOTgyOGQ1NDItNGU3Ny00MjU3LTg2YWEtNmEyYjBiMjI1Y2M5XkEyXkFqcGc@._V1_.jpg
Inception,8.8,2010,8880,"Action, Adventure, Sci-Fi, Thriller",https://m.media-amazon.com/images/M/MV5BMjAxMzY3NjcxNF5BMl5BanBnXkFtZTcwNTI5OTM0Mw@@._V1_.jpg
Star Wars: Episode V - The Empire Strikes Back,8.7,1980,7440,"Action, Adventure, Fantasy, Sci-Fi",https://m.media-amazon.com/images/M/MV5BMTkxNGFlNDktZmJkNC00MDdhLTg0MTEtZjZiYWI3MGE5NWIwXkEyXkFqcGc@._V1_.jpg
The Matrix,8.7,1999,8160,"Action, Sci-Fi",https://m.media-amazon.com/images/M/MV5BN2NmN2VhMTQtMDNiOS00NDlhLTliMjgtODE2ZTY0ODQyNDRhXkEyXkFqcGc@._V1_.jpg
GoodFellas,8.7,1990,8700,"Biography, Crime, Drama",https://m.media-amazon.com/images/M/MV5BN2E5NzI2ZGMtY2VjNi00YTRjLWI1MDUtZGY5OWU1MWJjZjRjXkEyXkFqcGc@._V1_.jpg
Interstellar,8.7,2014,10140,"Adventure, Drama, Sci-Fi",https://m.media-amazon.com/images/M/MV5BYzdjMDAxZGItMjI2My00ODA1LTlkNzItOWFjMDU5ZDJlYWY3XkEyXkFqcGc@._V1_.jpg
One Flew Over the Cuckoo's Nest,8.6,1975,7980,Drama,https://m.media-amazon.com/images/M/MV5BYjBkMjgzMzYtNzRiMS00NDc3LWE4YTUtZjYxYjZhNjNhYzhhXkEyXkFqcGc@._V1_.jpg
Seven,8.6,1995,7620,"Crime, Drama, Mystery, Thriller",https://m.media-amazon.com/images/M/MV5BY2IzNzMxZjctZjUxZi00YzAxLTk3ZjMtODFjODdhMDU5NDM1XkEyXkFqcGc@._V1_.jpg
It's a Wonderful Life,8.6,1946,7800,"Drama, Family, Fantasy, Romance",https://m.media-amazon.com/images/M/MV5BMDM4OWFhYjEtNTE5Yy00NjcyLTg5N2UtZDQwNDZlYjlmNDU5XkEyXkFqcGc@._V1_.jpg
The Silence of the Lambs,8.6,1991,7080,"Crime, Drama, Horror, Thriller",https://m.media-amazon.com/images/M/MV5BNDdhOGJhYzctYzYwZC00YmI2LWI0MjctYjg4ODdlMDExYjBlXkEyXkFqcGc@._V1_.jpg
Seven Samurai,8.6,1954,12420,"Action, Drama",https://m.media-amazon.com/images/M/MV5BZjliMWExOTMtZDQ3ZS00NWU3LWIyN2EtMjllNzk3ZTNlYzg4XkEyXkFqcGc@._V1_.jpg
Saving Private Ryan,8.6,1998,10140,"Drama, War",https://m.media-amazon.com/images/M/MV5BZGZhZGQ1ZWUtZTZjYS00MDJhLWFkYjctN2ZlYjE5NWYwZDM2XkEyXkFqcGc@._V1_.jpg
The Green Mile,8.6,1999,11340,"Crime, Drama, Fantasy, Mystery",https://m.media-amazon.com/images/M/MV5BMTUxMzQyNjA5MF5BMl5BanBnXkFtZTYwOTU2NTY3._V1_.jpg
City of God,8.6,2002,7800,"Crime, Drama",https://m.media-amazon.com/images/M/MV5BYjY4NGI5OTUtY2ZlZS00Zjk4LTk5N2MtN2JmYWVjNGNmMGRlXkEyXkFqcGc@._V1_.jpg
Life Is Beautiful,8.6,1997,6960,"Comedy, Drama, Romance, War",https://m.media-amazon.com/images/M/MV5BZTBhOGYzZjQtYzE0Mi00MGIwLWE0MWYtNzMxNTM2OTFkM2NjXkEyXkFqcGc@._V1_.jpg
Terminator 2: Judgment Day,8.6,1991,8220,"Action, Adventure, Sci-Fi",https://m.media-amazon.com/images/M/MV5BNGMyMGNkMDUtMjc2Ni00NWFlLTgyODEtZTY2MzBiZTg0OWZiXkEyXkFqcGc@._V1_.jpg
Back to the Future,8.5,1985,6960,"Adventure, Comedy, Sci-Fi",https://m.media-amazon.com/images/M/MV5BZmM3ZjE0NzctNjBiOC00MDZmLTgzMTUtNGVlOWFlOTNiZDJiXkEyXkFqcGc@._V1_.jpg
Star Wars: Episode IV - A New Hope,8.6,1977,7260,"Action, Adventure, Fantasy, Sci-Fi",https://m.media-amazon.com/images/M/MV5BOGUwMDk0Y2MtNjBlNi00NmRiLTk2MWYtMGMyMDlhYmI4ZDBjXkEyXkFqcGc@._V1_.jpg
Spirited Away,8.6,2001,7440,"Animation, Adventure, Family, Fantasy",https://m.media-amazon.com/images/M/MV5BNTEyNmEwOWUtYzkyOC00ZTQ4LTllZmUtMjk0Y2YwOGUzYjRiXkEyXkFqcGc@._V1_.jpg
The Pianist,8.5,2002,9000,"Biography, Drama, Music, War",https://m.media-amazon.com/images/M/MV5BMjEwNmEwYjgtNTk3ZC00NjljLTg5ZDctZTY3ZGQwZjRkZmQxXkEyXkFqcGc@._V1_.jpg
Gladiator,8.5,2000,9300,"Action, Adventure, Drama",https://m.media-amazon.com/images/M/MV5BYWQ4YmNjYjEtOWE1Zi00Y2U4LWI4NTAtMTU0MjkxNWQ1ZmJiXkEyXkFqcGc@._V1_.jpg
Parasite,8.5,2019,7920,"Drama, Thriller",https://m.media-amazon.com/images/M/MV5BYjk1Y2U4MjQtY2ZiNS00OWQyLWI3MmYtZWUwNmRjYWRiNWNhXkEyXkFqcGc@._V1_.jpg
Kill Bill: The Whole Bloody Affair,8.8,2004,15180,"Action, Crime, Thriller",https://m.media-amazon.com/images/M/MV5BZDc2YzhkODAtZmRmZS00YzcxLWJkYWEtM2ZhZjY3MmMyZmJiXkEyXkFqcGc@._V1_.jpg
Grave of the Fireflies,8.5,1988,5280,"Animation, Drama, War",https://m.media-amazon.com/images/M/MV5BNTY5MmE2OGMtN2IxNC00MDY4LTkwMGEtZDUzOTYyNWE0ZTNjXkEyXkFqcGc@._V1_.jpg
Psycho,8.5,1960,6540,"Drama, Horror, Mystery, Thriller",https://m.media-amazon.com/images/M/MV5BYjZhMzFiZjItODA3ZC00MmRhLWIzMGYtMmVjOWUwYTA3MTRjXkEyXkFqcGc@._V1_.jpg
The Lion King,8.5,1994,5280,"Animation, Adventure, Drama, Family, Musical",https://m.media-amazon.com/images/M/MV5BZGRiZDZhZjItM2M3ZC00Y2IyLTk3Y2MtMWY5YjliNDFkZTJlXkEyXkFqcGc@._V1_.jpg
Harakiri,8.6,1962,7980,"Drama, Mystery",https://m.media-amazon.com/images/M/MV5BZThiZjU5ZDQtZDI4Mi00ZGYyLTkzOTktYmIzZTFlZTkxYzg5XkEyXkFqcGc@._V1_.jpg
The Departed,8.5,2006,9060,"Crime, Drama, Thriller",https://m.media-amazon.com/images/M/MV5BMTI1MTY2OTIxNV5BMl5BanBnXkFtZTYwNjQ4NjY3._V1_.jpg
Whiplash,8.5,2014,6360,"Drama, Music",https://m.media-amazon.com/images/M/MV5BMDFjOWFkYzktYzhhMC00NmYyLTkwY2EtYjViMDhmNzg0OGFkXkEyXkFqcGc@._V1_.jpg
The Prestige,8.5,2006,7800,"Drama, Mystery, Sci-Fi, Thriller",https://m.media-amazon.com/images/M/MV5BMTM3MzQ5MjQ5OF5BMl5BanBnXkFtZTcwMTQ3NzMzMw@@._V1_.jpg
American History X,8.5,1998,7140,"Crime, Drama",https://m.media-amazon.com/images/M/MV5BMzhiOTQ0NDItOTg0Zi00OGVmLWE0OGEtMTI4NDM0NWMxZWU4XkEyXkFqcGc@._V1_.jpg
Léon: The Professional,8.5,1994,6600,"Action, Crime, Drama, Thriller",https://m.media-amazon.com/images/M/MV5BNGRkYTNhOWQtYmI0Ni00MjZhLWJmMzAtMTA2Mjg4NGNiNDU0XkEyXkFqcGc@._V1_.jpg
Spider-Man: Across the Spider-Verse,8.5,2023,8400,"Animation, Action, Adventure, Family, Fantasy, Sci-Fi",https://m.media-amazon.com/images/M/MV5BNThiZjA3MjItZGY5Ni00ZmJhLWEwN2EtOTBlYTA4Y2E0M2ZmXkEyXkFqcGc@._V1_.jpg
Cinema Paradiso,8.5,1988,10440,"Drama, Romance",https://m.media-amazon.com/images/M/MV5BMTljNzc4YWEtYTZlMS00ODMyLWIwMTAtNWQxY2VkMDEwYTk5XkEyXkFqcGc@._V1_.jpg
Casablanca,8.5,1942,6120,"Drama, Romance, War",https://m.media-amazon.com/images/M/MV5BNWEzN2U1YTYtYTQyMS00NTVkLWE2NGQtZWFlMmM0MDNjMmRiXkEyXkFqcGc@._V1_.jpg
The Intouchables,8.5,2011,6720,"Comedy, Drama",https://m.media-amazon.com/images/M/MV5BMTYxNDA3MDQwNl5BMl5BanBnXkFtZTcwNTU4Mzc1Nw@@._V1_.jpg
The Usual Suspects,8.5,1995,6360,"Crime, Drama, Mystery, Thriller",https://m.media-amazon.com/images/M/MV5BOTE5MDUxZDUtZWZmZC00NDVmLWFhOGQtNWI2YTc4NzY3MGQ0XkEyXkFqcGc@._V1_.jpg
Django Unchained,8.5,2012,9900,"Drama, Western",https://m.media-amazon.com/images/M/MV5BMjIyNTQ5NjQ1OV5BMl5BanBnXkFtZTcwODg1MDU4OA@@._V1_.jpg
